{
  "alias": ["meunique.io"],
  "rewrites": [
    {
      "source": "/(.*)",
      "destination": "/$1"
    }
  ],
  "headers": [
    {
      "source": "/(.*)",
      "headers": [
        {
          "key": "X-Content-Type-Options",
          "value": "nosniff"
        },
        {
          "key": "X-Frame-Options",
          "value": "DENY"
        },
        {
          "key": "X-XSS-Protection",
          "value": "1; mode=block"
        }
      ]
    }
  ],
  "buildCommand": "npm run build",
  "devCommand": "npm run dev",
  "installCommand": "npm install",
  "framework": "nextjs",
  "outputDirectory": ".next",
  "env": {
    "NEXT_PUBLIC_DOMAIN": "meunique.io"
  }
} 