{
  "name": "🎯_MeUnique-Business-FINAL",
  "lockfileVersion": 3,
  "requires": true,
  "packages": {
    "": {
      "dependencies": {
        "next-themes": "^0.4.6"
      }
    },
    "node_modules/next-themes": {
      "version": "0.4.6",
      "resolved": "https://registry.npmjs.org/next-themes/-/next-themes-0.4.6.tgz",
      "integrity": "sha512-pZvgD5L0IEvX5/9GWyHMf3m8BKiVQwsCMHfoFosXtXBMnaS0ZnIJ9ST4b4NqLVKDEm8QBxoNNGNaBv2JNF6XNA==",
      "license": "MIT",
      "peerDependencies": {
        "react": "^16.8 || ^17 || ^18 || ^19 || ^19.0.0-rc",
        "react-dom": "^16.8 || ^17 || ^18 || ^19 || ^19.0.0-rc"
      }
    },
    "node_modules/react": {
      "version": "19.1.0",
      "resolved": "https://registry.npmjs.org/react/-/react-19.1.0.tgz",
      "integrity": "sha512-FS+XFBNvn3GTAWq26joslQgWNoFu08F4kl0J4CgdNKADkdSGXQyTCnKteIAJy96Br6YbpEU1LSzV5dYtjMkMDg==",
      "license": "MIT",
      "peer": true,
      "engines": {
        "node": ">=0.10.0"
      }
    },
    "node_modules/react-dom": {
      "version": "19.1.0",
      "resolved": "https://registry.npmjs.org/react-dom/-/react-dom-19.1.0.tgz",
      "integrity": "sha512-Xs1hdnE+DyKgeHJeJznQmYMIBG3TKIHJJT95Q58nHLSrElKlGQqDTR2HQ9fx5CN/Gk6Vh/kupBTDLU11/nDk/g==",
      "license": "MIT",
      "peer": true,
      "dependencies": {
        "scheduler": "^0.26.0"
      },
      "peerDependencies": {
        "react": "^19.1.0"
      }
    },
    "node_modules/scheduler": {
      "version": "0.26.0",
      "resolved": "https://registry.npmjs.org/scheduler/-/scheduler-0.26.0.tgz",
      "integrity": "sha512-NlHwttCI/l5gCPR3D1nNXtWABUmBwvZpEQiD4IXSbIDq8BzLIK/7Ir5gTFSGZDUu37K5cMNp0hFtzO38sC7gWA==",
      "license": "MIT",
      "peer": true
    }
  }
}
